{"cameraMode":{"drawMode":0,"name":"Shaded","section":"Shading Mode"},"sceneLighting":true,"audioPlay":false,"sceneViewState":{"showFog":true,"showMaterialUpdate":false,"showSkybox":true,"showFlares":true,"showImageEffects":true,"showParticleSystems":true},"in2DMode":false,"pivot":{"x":4.960648536682129,"y":6.968308925628662,"z":-6.460460662841797},"rotation":{"x":0.18550272285938264,"y":-0.42407646775245669,"z":0.08920437842607498,"w":0.8819709420204163},"size":0.175675630569458,"orthographic":false}