{"cameraMode":{"drawMode":0,"name":"Shaded","section":"Shading Mode"},"sceneLighting":false,"audioPlay":false,"sceneViewState":{"showFog":true,"showMaterialUpdate":false,"showSkybox":false,"showFlares":true,"showImageEffects":true,"showParticleSystems":true},"in2DMode":false,"pivot":{"x":0.8967218399047852,"y":0.9682459831237793,"z":-0.5419702529907227},"rotation":{"x":-0.10750540345907211,"y":0.5600680112838745,"z":-0.07388142496347428,"w":-0.818192183971405},"size":1.2247449159622193,"orthographic":false}