{"cameraMode":{"drawMode":0,"name":"Shaded","section":"Shading Mode"},"sceneLighting":true,"audioPlay":false,"sceneViewState":{"showFog":true,"showMaterialUpdate":false,"showSkybox":true,"showFlares":true,"showImageEffects":true,"showParticleSystems":true},"in2DMode":false,"pivot":{"x":-0.5054149627685547,"y":1.4793777465820313,"z":-0.4265756607055664},"rotation":{"x":-0.07227443903684616,"y":0.9068092107772827,"z":-0.17374831438064576,"w":-0.37720733880996706},"size":7.541244983673096,"orthographic":false}