{"cameraMode":{"drawMode":0,"name":"Shaded","section":"Shading Mode"},"sceneLighting":true,"audioPlay":false,"sceneViewState":{"showFog":true,"showMaterialUpdate":false,"showSkybox":true,"showFlares":true,"showImageEffects":true,"showParticleSystems":true},"in2DMode":false,"pivot":{"x":1.3332791328430176,"y":5.435215473175049,"z":-3.326000928878784},"rotation":{"x":0.15698984265327454,"y":0.04620920866727829,"z":-0.007349071558564901,"w":0.9865314364433289},"size":0.175675630569458,"orthographic":false}